{
  "num_queries": 2,
  "k_values": [
    1,
    3,
    5,
    10
  ],
  "aggregate_metrics": {
    "precision_at_k": {
      "1": 0.5,
      "3": 0.5,
      "5": 0.5,
      "10": 0.25
    },
    "recall_at_k": {
      "1": 0.25,
      "3": 0.75,
      "5": 1.25,
      "10": 1.25
    },
    "mrr": 0.5,
    "ndcg_at_k": {
      "1": 0.5,
      "3": 0.6532867981913647,
      "5": 0.9039197158623081,
      "10": 0.9039197158623081
    }
  },
  "query_results": [
    {
      "query": "machine learning",
      "retrieved_docs": [
        "2509.23577v1.pdf",
        "2509.13388v2.pdf",
        "2509.23577v1.pdf",
        "2509.23577v1.pdf",
        "2509.23577v1.pdf",
        "2509.08736v1.pdf",
        "2509.08736v1.pdf",
        "2509.23240v1.pdf",
        "2509.08846v1.pdf",
        "2509.08418v1.pdf"
      ],
      "relevant_docs": [
        "2509.13388v2.pdf",
        "2509.23577v1.pdf"
      ],
      "metrics": {
        "precision_at_k": {
          "1": 1.0,
          "3": 1.0,
          "5": 1.0,
          "10": 0.5
        },
        "recall_at_k": {
          "1": 0.5,
          "3": 1.5,
          "5": 2.5,
          "10": 2.5
        },
        "mrr": 1.0,
        "ndcg_at_k": {
          "1": 1.0,
          "3": 1.3065735963827294,
          "5": 1.8078394317246163,
          "10": 1.8078394317246163
        }
      }
    },
    {
      "query": "neural networks",
      "retrieved_docs": [
        "2509.13388v2.pdf",
        "2509.07123v1.pdf",
        "2509.08418v1.pdf",
        "2509.08418v1.pdf",
        "2509.00056v2.pdf",
        "2509.07123v1.pdf",
        "2509.08418v1.pdf",
        "2509.08418v1.pdf",
        "2509.07123v1.pdf",
        "2509.13388v2.pdf"
      ],
      "relevant_docs": [
        "2509.23577v1.pdf"
      ],
      "metrics": {
        "precision_at_k": {
          "1": 0.0,
          "3": 0.0,
          "5": 0.0,
          "10": 0.0
        },
        "recall_at_k": {
          "1": 0.0,
          "3": 0.0,
          "5": 0.0,
          "10": 0.0
        },
        "mrr": 0.0,
        "ndcg_at_k": {
          "1": 0.0,
          "3": 0.0,
          "5": 0.0,
          "10": 0.0
        }
      }
    }
  ],
  "timestamp": "2025-12-06T16:15:11.052220"
}